Ticker,Company,Share_Price,Forward_PE,EPS_Growth_Est_%,Forward_PEG
AAPL,Apple Inc.,333.69,34.821583,28.7,1.213295574912892
MSFT,Microsoft Corporation,517.53,21.885357,31.7,0.6903898107255521
GOOGL,Alphabet Inc.,343.5,22.791302,294.0,0.07752143537414967
AMZN,"Amazon.com, Inc.",251.52,24.009829,242.3,0.09909132893107717
NVDA,NVIDIA Corporation,233.95,14.905945,127.8,0.11663493740219091
META,"Meta Platforms, Inc.",728.08,20.858347,-13.4,
TSLA,"Tesla, Inc.",370.59,171.33147,-3.0,
AMD,"Advanced Micro Devices, Inc.",633.91,40.67883,159.5,0.2550396865203762
INTC,Intel Corporation,119.33,57.86876,25.4,2.278297637795276
QCOM,QUALCOMM Incorporated,184.87,18.117386,-23.0,
